{
  "project_info": {
    "project_number": "441440005843",
    "project_id": "recipe-app-53608",
    "storage_bucket": "recipe-app-53608.appspot.com"
  },
  "client": [
    {
      "client_info": {
        "mobilesdk_app_id": "1:441440005843:android:ebce8b17850d7211612e26",
        "android_client_info": {
          "package_name": "com.example.firebase_recipeapp"
        }
      },
      "oauth_client": [
        {
          "client_id": "441440005843-4emjdslf6d5rb82affosj7apicnctpt5.apps.googleusercontent.com",
          "client_type": 3
        }
      ],
      "api_key": [
        {
          "current_key": "AIzaSyDDC3MAiF5-W13gG_4QQA7nTJ8ie62vQXg"
        }
      ],
      "services": {
        "appinvite_service": {
          "other_platform_oauth_client": [
            {
              "client_id": "441440005843-4emjdslf6d5rb82affosj7apicnctpt5.apps.googleusercontent.com",
              "client_type": 3
            }
          ]
        }
      }
    }
  ],
  "configuration_version": "1"
}